INSERT INTO pim_gender (name, to_dt) VALUES ('Мужской', NULL);
INSERT INTO pim_gender (name, to_dt) VALUES ('Женский', NULL);
INSERT INTO pim_gender (name, to_dt) VALUES ('Не определенный', NULL);
INSERT INTO pim_nationality (name) VALUES ('Народы Севера');
INSERT INTO pim_nationality (name) VALUES ('Аварцы');
INSERT INTO pim_nationality (name) VALUES ('Тлибишинцы');
INSERT INTO pim_nationality (name) VALUES ('Хунзалы');
INSERT INTO pim_nationality (name) VALUES ('Агулы');
INSERT INTO pim_nationality (name) VALUES ('Адыгейцы');
INSERT INTO pim_nationality (name) VALUES ('Андийцы');
INSERT INTO pim_nationality (name) VALUES ('Арчинцы');
INSERT INTO pim_nationality (name) VALUES ('Ахвахцы');
INSERT INTO pim_nationality (name) VALUES ('Балкарцы');
INSERT INTO pim_nationality (name) VALUES ('Башкиры');
INSERT INTO pim_nationality (name) VALUES ('Бежитинцы (капучины)');
INSERT INTO pim_nationality (name) VALUES ('Ботлихцы');
INSERT INTO pim_nationality (name) VALUES ('Буряты');
INSERT INTO pim_nationality (name) VALUES ('Гинухцы');
INSERT INTO pim_nationality (name) VALUES ('Годоберинцы');
INSERT INTO pim_nationality (name) VALUES ('Гунзибцы');
INSERT INTO pim_nationality (name) VALUES ('Даргинцы');
INSERT INTO pim_nationality (name) VALUES ('Ингуши');
INSERT INTO pim_nationality (name) VALUES ('Кабардинцы');
INSERT INTO pim_individual (surname, name, patr_name, birth_dt, has_citizenship, gender_id, nationality_id, vip, ethnic_group_id, social_group_id) VALUES ('Яблочкин', 'Федот', 'Андроникович', '2009-05-10', true, 1, 16, true, 1, 8);
INSERT INTO pim_individual (surname, name, patr_name, birth_dt, has_citizenship, gender_id, nationality_id, vip, ethnic_group_id, social_group_id) VALUES ('Яшнова', 'Алина', 'Иосифовна', '1995-04-08', false, 2, 10, false, 1, 13);
INSERT INTO pim_individual (surname, name, patr_name, birth_dt, has_citizenship, gender_id, nationality_id, vip, ethnic_group_id, social_group_id) VALUES ('Глоба', 'Виктория', 'Ипполитовна', '1964-11-28', true, 2, 19, true, 2, 11);
INSERT INTO pim_individual (surname, name, patr_name, birth_dt, has_citizenship, gender_id, nationality_id, vip, ethnic_group_id, social_group_id) VALUES ('Суходолина', 'Клара', 'Ивановна', '1971-02-27', false, 2, 23, false, 1, 15);
INSERT INTO pim_individual (surname, name, patr_name, birth_dt, has_citizenship, gender_id, nationality_id, vip, ethnic_group_id, social_group_id) VALUES ('Барсова', 'Марина', 'Казимировна', '1977-06-27', true, 2, 12, true, 2, 2);
INSERT INTO pim_individual (surname, name, patr_name, birth_dt, has_citizenship, gender_id, nationality_id, vip, ethnic_group_id, social_group_id) VALUES ('Оленева', 'Анастасия', 'Мефодиевна', '1983-03-25', true, 2, 8, true, 1, 15);
INSERT INTO pim_individual (surname, name, patr_name, birth_dt, has_citizenship, gender_id, nationality_id, vip, ethnic_group_id, social_group_id) VALUES ('Меркушев', 'Денис', 'Владимирович', '1977-08-09', true, 1, 12, true, 1, 13);
INSERT INTO pim_individual (surname, name, patr_name, birth_dt, has_citizenship, gender_id, nationality_id, vip, ethnic_group_id, social_group_id) VALUES ('Летова', 'Елена', 'Федотовна', '1971-06-25', false, 2, 10, false, 1, 8);
INSERT INTO pim_individual (surname, name, patr_name, birth_dt, has_citizenship, gender_id, nationality_id, vip, ethnic_group_id, social_group_id) VALUES ('Чечин', 'Константин', 'Владимирович', '1968-06-29', true, 1, 22, true, 2, 1);
INSERT INTO pim_individual (surname, name, patr_name, birth_dt, has_citizenship, gender_id, nationality_id, vip, ethnic_group_id, social_group_id) VALUES ('Камкин', 'Зиновий', 'Изяславович', '1953-09-11', false, 1, 18, false, 2, 9);
INSERT INTO pim_individual (surname, name, patr_name, birth_dt, has_citizenship, gender_id, nationality_id, vip, ethnic_group_id, social_group_id) VALUES ('Валиев', 'Артем', 'Глебович', '1974-10-03', true, 1, 4, true, 1, 12);
INSERT INTO pim_individual (surname, name, patr_name, birth_dt, has_citizenship, gender_id, nationality_id, vip, ethnic_group_id, social_group_id) VALUES ('Бакрылова', 'Инна', 'Олеговна', '1940-12-03', true, 2, 18, true, 2, 2);
INSERT INTO pim_individual (surname, name, patr_name, birth_dt, has_citizenship, gender_id, nationality_id, vip, ethnic_group_id, social_group_id) VALUES ('Александрин', 'Иннокентий', 'Игнатиевич', '1994-04-11', true, 1, 12, true, 2, 1);
INSERT INTO pim_individual (surname, name, patr_name, birth_dt, has_citizenship, gender_id, nationality_id, vip, ethnic_group_id, social_group_id) VALUES ('Тычкина', 'Софья', 'Георгиевна', '2014-01-01', false, 2, 14, true, 1, 2);
INSERT INTO pim_individual (surname, name, patr_name, birth_dt, has_citizenship, gender_id, nationality_id, vip, ethnic_group_id, social_group_id) VALUES ('Терехов', 'Никанор', 'Герасимович', '1977-09-09', true, 1, 19, true, 1, 12);
INSERT INTO pim_individual (surname, name, patr_name, birth_dt, has_citizenship, gender_id, nationality_id, vip, ethnic_group_id, social_group_id) VALUES ('Карамзин', 'Клавдий', 'Тихонович', '1994-01-20', true, 1, 2, false, 1, 5);
INSERT INTO pim_individual (surname, name, patr_name, birth_dt, has_citizenship, gender_id, nationality_id, vip, ethnic_group_id, social_group_id) VALUES ('Низовцов', 'Максимильян', 'Иванович', '2004-04-02', true, 1, 17, false, 2, 5);
INSERT INTO pim_individual (surname, name, patr_name, birth_dt, has_citizenship, gender_id, nationality_id, vip, ethnic_group_id, social_group_id) VALUES ('Мишин', 'Никита', 'Эрнстович', '1940-08-25', true, 1, 7, false, 1, 7);
INSERT INTO pim_individual (surname, name, patr_name, birth_dt, has_citizenship, gender_id, nationality_id, vip, ethnic_group_id, social_group_id) VALUES ('Горев', 'Ярослав', 'Федорович', '1953-06-28', false, 1, 15, false, 1, 1);
INSERT INTO pim_individual (surname, name, patr_name, birth_dt, has_citizenship, gender_id, nationality_id, vip, ethnic_group_id, social_group_id) VALUES ('Большов', 'Мстислав', 'Викентиевич', '1975-07-26', false, 1, 15, true, 1, 5);
INSERT INTO pim_individual (surname, name, patr_name, birth_dt, has_citizenship, gender_id, nationality_id, vip, ethnic_group_id, social_group_id) VALUES ('Габулов', 'Прокл', 'Кондратович', '1960-03-25', false, 1, 15, false, 1, 2);
INSERT INTO pim_individual (surname, name, patr_name, birth_dt, has_citizenship, gender_id, nationality_id, vip, ethnic_group_id, social_group_id) VALUES ('Лютова', 'Алла', 'Потаповна', '1966-06-05', false, 2, 7, false, 2, 5);
INSERT INTO pim_individual (surname, name, patr_name, birth_dt, has_citizenship, gender_id, nationality_id, vip, ethnic_group_id, social_group_id) VALUES ('Кумиров', 'Артемий', 'Евлампиевич', '1962-12-28', false, 1, 15, false, 2, 6);
INSERT INTO pim_individual (surname, name, patr_name, birth_dt, has_citizenship, gender_id, nationality_id, vip, ethnic_group_id, social_group_id) VALUES ('Милютина', 'Жанна', 'Ипполитовна', '1989-11-01', false, 2, 2, true, 1, 14);
INSERT INTO pim_individual (surname, name, patr_name, birth_dt, has_citizenship, gender_id, nationality_id, vip, ethnic_group_id, social_group_id) VALUES ('Фарышев', 'Александр', 'Онуфриевич', '1986-07-02', false, 1, 7, false, 1, 1);
INSERT INTO pim_individual (surname, name, patr_name, birth_dt, has_citizenship, gender_id, nationality_id, vip, ethnic_group_id, social_group_id) VALUES ('Савинков', 'Павел', 'Владимирович', '2012-06-26', true, 1, 13, false, 2, 15);
INSERT INTO pim_individual (surname, name, patr_name, birth_dt, has_citizenship, gender_id, nationality_id, vip, ethnic_group_id, social_group_id) VALUES ('Турчанинова', 'Рената', 'Петровна', '1978-08-22', false, 2, 12, false, 1, 9);
INSERT INTO pim_individual (surname, name, patr_name, birth_dt, has_citizenship, gender_id, nationality_id, vip, ethnic_group_id, social_group_id) VALUES ('Радыгин', 'Григорий', 'Елизарович', '1942-08-28', true, 1, 21, true, 1, 4);
INSERT INTO pim_individual (surname, name, patr_name, birth_dt, has_citizenship, gender_id, nationality_id, vip, ethnic_group_id, social_group_id) VALUES ('Корнейчук', 'Серафим', 'Остапович', '2002-05-13', true, 1, 16, true, 2, 3);
INSERT INTO pim_individual (surname, name, patr_name, birth_dt, has_citizenship, gender_id, nationality_id, vip, ethnic_group_id, social_group_id) VALUES ('Сиянкин', 'Мир', 'Григориевич', '1930-05-02', true, 1, 21, true, 1, 3);
INSERT INTO pim_individual (surname, name, patr_name, birth_dt, has_citizenship, gender_id, nationality_id, vip, ethnic_group_id, social_group_id) VALUES ('Якименко', 'Харитон', 'Всеволодович', '1997-12-15', false, 1, 6, false, 1, 11);
INSERT INTO pim_individual (surname, name, patr_name, birth_dt, has_citizenship, gender_id, nationality_id, vip, ethnic_group_id, social_group_id) VALUES ('Солодскиха', 'Майя', 'Евгениевна', '1960-06-16', false, 2, 20, false, 2, 15);
INSERT INTO pim_individual (surname, name, patr_name, birth_dt, has_citizenship, gender_id, nationality_id, vip, ethnic_group_id, social_group_id) VALUES ('Крыжов', 'Авдей', 'Натанович', '1984-06-03', true, 1, 2, false, 2, 6);
INSERT INTO pim_individual (surname, name, patr_name, birth_dt, has_citizenship, gender_id, nationality_id, vip, ethnic_group_id, social_group_id) VALUES ('Чиркова', 'Таисия', 'Филипповна', '1961-08-08', true, 2, 4, true, 2, 4);
INSERT INTO pim_individual (surname, name, patr_name, birth_dt, has_citizenship, gender_id, nationality_id, vip, ethnic_group_id, social_group_id) VALUES ('Норин', 'Юлий', 'Маркович', '1985-07-18', false, 1, 6, true, 1, 4);
INSERT INTO pim_individual (surname, name, patr_name, birth_dt, has_citizenship, gender_id, nationality_id, vip, ethnic_group_id, social_group_id) VALUES ('Этуша', 'Фаина', 'Станиславовна', '1950-07-01', false, 2, 20, true, 2, 9);
INSERT INTO pim_individual (surname, name, patr_name, birth_dt, has_citizenship, gender_id, nationality_id, vip, ethnic_group_id, social_group_id) VALUES ('Ягешев', 'Константин', 'Ипполитович', '2003-03-14', true, 1, 2, false, 1, 7);
INSERT INTO pim_individual (surname, name, patr_name, birth_dt, has_citizenship, gender_id, nationality_id, vip, ethnic_group_id, social_group_id) VALUES ('Богачёва', 'Алина', 'Трофимовна', '1996-03-27', false, 2, 20, true, 2, 14);
INSERT INTO pim_individual (surname, name, patr_name, birth_dt, has_citizenship, gender_id, nationality_id, vip, ethnic_group_id, social_group_id) VALUES ('Родионова', 'Яна', 'Елисеевна', '1970-11-11', false, 2, 20, true, 1, 5);
INSERT INTO pim_individual (surname, name, patr_name, birth_dt, has_citizenship, gender_id, nationality_id, vip, ethnic_group_id, social_group_id) VALUES ('Ионова', 'Всеслава', 'Емельяновна', '2007-12-09', false, 2, 5, true, 2, 10);
INSERT INTO pim_individual (surname, name, patr_name, birth_dt, has_citizenship, gender_id, nationality_id, vip, ethnic_group_id, social_group_id) VALUES ('Черныха', 'Злата', 'Германовна', '1996-10-28', false, 2, 16, true, 1, 8);
INSERT INTO pim_individual (surname, name, patr_name, birth_dt, has_citizenship, gender_id, nationality_id, vip, ethnic_group_id, social_group_id) VALUES ('Хесмана', 'Рената', 'Антониновна', '1960-03-19', true, 2, 4, true, 1, 8);
INSERT INTO pim_individual (surname, name, patr_name, birth_dt, has_citizenship, gender_id, nationality_id, vip, ethnic_group_id, social_group_id) VALUES ('Гагарин', 'Лука', 'Савелиевич', '1997-12-08', true, 1, 23, false, 1, 13);
INSERT INTO pim_individual (surname, name, patr_name, birth_dt, has_citizenship, gender_id, nationality_id, vip, ethnic_group_id, social_group_id) VALUES ('Дьячков', 'Август', 'Федорович', '1944-07-10', false, 1, 2, true, 1, 4);
INSERT INTO pim_individual (surname, name, patr_name, birth_dt, has_citizenship, gender_id, nationality_id, vip, ethnic_group_id, social_group_id) VALUES ('Мамонов', 'Валерьян', 'Эдуардович', '1977-11-24', false, 1, 4, false, 2, 14);
INSERT INTO pim_individual (surname, name, patr_name, birth_dt, has_citizenship, gender_id, nationality_id, vip, ethnic_group_id, social_group_id) VALUES ('Большаков', 'Денис', 'Олегович', '1938-06-04', true, 1, 7, true, 2, 8);
INSERT INTO pim_individual (surname, name, patr_name, birth_dt, has_citizenship, gender_id, nationality_id, vip, ethnic_group_id, social_group_id) VALUES ('Легкодимова', 'Нона', 'Афанасиевна', '2006-07-15', false, 2, 19, false, 1, 14);
INSERT INTO pim_individual (surname, name, patr_name, birth_dt, has_citizenship, gender_id, nationality_id, vip, ethnic_group_id, social_group_id) VALUES ('Скосырский', 'Август', 'Леонтиевич', '1958-01-01', true, 1, 6, true, 2, 13);
INSERT INTO pim_individual (surname, name, patr_name, birth_dt, has_citizenship, gender_id, nationality_id, vip, ethnic_group_id, social_group_id) VALUES ('Набокина', 'Зинаида', 'Фомевна', '1965-11-28', false, 2, 15, false, 1, 3);
INSERT INTO pim_individual (surname, name, patr_name, birth_dt, has_citizenship, gender_id, nationality_id, vip, ethnic_group_id, social_group_id) VALUES ('Эзерин', 'Александр', 'Гордеевич', '1957-01-01', true, 1, 11, true, 2, 4);
INSERT INTO pim_individual (surname, name, patr_name, birth_dt, has_citizenship, gender_id, nationality_id, vip, ethnic_group_id, social_group_id) VALUES ('Плюхина', 'Лада', 'Всеволодовна', '1927-01-01', false, 2, 17, false, 2, 7);
INSERT INTO pim_individual (surname, name, patr_name, birth_dt, has_citizenship, gender_id, nationality_id, vip, ethnic_group_id, social_group_id) VALUES ('Кручинина', 'Ярослава', 'Владиленовна', '1940-06-01', false, 2, 19, true, 2, 5);
INSERT INTO pim_individual (surname, name, patr_name, birth_dt, has_citizenship, gender_id, nationality_id, vip, ethnic_group_id, social_group_id) VALUES ('Аминев', 'Арсений', 'Брониславович', '2001-02-02', true, 1, 17, true, 1, 12);
INSERT INTO pim_individual (surname, name, patr_name, birth_dt, has_citizenship, gender_id, nationality_id, vip, ethnic_group_id, social_group_id) VALUES ('Юганцева', 'Римма', 'Федоровна', '1971-06-28', false, 2, 22, true, 1, 12);
INSERT INTO pim_individual (surname, name, patr_name, birth_dt, has_citizenship, gender_id, nationality_id, vip, ethnic_group_id, social_group_id) VALUES ('Козлова', 'Наталия', 'Родионовна', '1979-05-04', true, 2, 20, false, 2, 6);
INSERT INTO pim_individual (surname, name, patr_name, birth_dt, has_citizenship, gender_id, nationality_id, vip, ethnic_group_id, social_group_id) VALUES ('Эссена', 'Елизавета', 'Владиленовна', '2008-09-07', true, 2, 8, true, 2, 8);
INSERT INTO pim_individual (surname, name, patr_name, birth_dt, has_citizenship, gender_id, nationality_id, vip, ethnic_group_id, social_group_id) VALUES ('Нагиева', 'Любовь', 'Олеговна', '1976-05-04', false, 2, 21, false, 1, 5);
INSERT INTO pim_individual (surname, name, patr_name, birth_dt, has_citizenship, gender_id, nationality_id, vip, ethnic_group_id, social_group_id) VALUES ('Емельянова', 'Ярослава', 'Филипповна', '1964-01-03', true, 2, 19, false, 1, 13);
INSERT INTO pim_individual (surname, name, patr_name, birth_dt, has_citizenship, gender_id, nationality_id, vip, ethnic_group_id, social_group_id) VALUES ('Дуванова', 'Ольга', 'Юлиевна', '1932-09-02', false, 2, 17, true, 2, 4);
INSERT INTO pim_individual (surname, name, patr_name, birth_dt, has_citizenship, gender_id, nationality_id, vip, ethnic_group_id, social_group_id) VALUES ('Яблоновский', 'Степан', 'Кириллович', '1947-01-01', true, 1, 4, true, 2, 6);
INSERT INTO pim_individual (surname, name, patr_name, birth_dt, has_citizenship, gender_id, nationality_id, vip, ethnic_group_id, social_group_id) VALUES ('Проскуркина', 'Лариса', 'Якововна', '1987-01-23', false, 2, 18, false, 2, 12);
INSERT INTO pim_individual (surname, name, patr_name, birth_dt, has_citizenship, gender_id, nationality_id, vip, ethnic_group_id, social_group_id) VALUES ('Лапаева', 'Вера', 'Николаевна', '1962-01-08', false, 2, 23, true, 2, 11);
INSERT INTO pim_individual (surname, name, patr_name, birth_dt, has_citizenship, gender_id, nationality_id, vip, ethnic_group_id, social_group_id) VALUES ('Оскорбина', 'Мария', 'Серафимовна', '1936-09-29', false, 2, 12, true, 1, 15);
INSERT INTO pim_individual (surname, name, patr_name, birth_dt, has_citizenship, gender_id, nationality_id, vip, ethnic_group_id, social_group_id) VALUES ('Попырин', 'Степан', 'Онисимович', '1992-03-03', true, 1, 21, false, 2, 7);
INSERT INTO pim_individual (surname, name, patr_name, birth_dt, has_citizenship, gender_id, nationality_id, vip, ethnic_group_id, social_group_id) VALUES ('Балдагуев', 'Валерьян', 'Прокофиевич', '1977-02-26', true, 1, 19, true, 2, 11);
INSERT INTO pim_individual (surname, name, patr_name, birth_dt, has_citizenship, gender_id, nationality_id, vip, ethnic_group_id, social_group_id) VALUES ('Власов', 'Илья', 'Анатолиевич', '1970-07-18', true, 1, 18, false, 1, 2);
INSERT INTO pim_individual (surname, name, patr_name, birth_dt, has_citizenship, gender_id, nationality_id, vip, ethnic_group_id, social_group_id) VALUES ('Ястребова', 'Ольга', 'Германовна', '1984-07-21', false, 2, 6, true, 2, 4);
INSERT INTO pim_individual (surname, name, patr_name, birth_dt, has_citizenship, gender_id, nationality_id, vip, ethnic_group_id, social_group_id) VALUES ('Тихоненко', 'Любава', 'Анатолиевна', '1984-11-08', false, 2, 20, false, 1, 13);
INSERT INTO pim_individual (surname, name, patr_name, birth_dt, has_citizenship, gender_id, nationality_id, vip, ethnic_group_id, social_group_id) VALUES ('Чумакова', 'Клара', 'Леонидовна', '2012-06-27', true, 2, 23, false, 1, 14);
INSERT INTO pim_individual (surname, name, patr_name, birth_dt, has_citizenship, gender_id, nationality_id, vip, ethnic_group_id, social_group_id) VALUES ('Паулкин', 'Давид', 'Игоревич', '2004-01-26', false, 1, 17, true, 1, 3);
INSERT INTO pim_individual (surname, name, patr_name, birth_dt, has_citizenship, gender_id, nationality_id, vip, ethnic_group_id, social_group_id) VALUES ('Яблонова', 'Альбина', 'Степановна', '1969-05-20', true, 2, 19, true, 2, 5);
INSERT INTO pim_individual (surname, name, patr_name, birth_dt, has_citizenship, gender_id, nationality_id, vip, ethnic_group_id, social_group_id) VALUES ('Танкова', 'Регина', 'Ивановна', '1974-12-06', false, 2, 15, false, 2, 4);
INSERT INTO pim_individual (surname, name, patr_name, birth_dt, has_citizenship, gender_id, nationality_id, vip, ethnic_group_id, social_group_id) VALUES ('Чуканова', 'Изольда', 'Тихоновна', '1932-10-16', false, 2, 7, true, 2, 6);
INSERT INTO pim_individual (surname, name, patr_name, birth_dt, has_citizenship, gender_id, nationality_id, vip, ethnic_group_id, social_group_id) VALUES ('Пушкарёв', 'Аристарх', 'Архипович', '1933-10-23', true, 1, 7, false, 2, 2);
INSERT INTO pim_individual (surname, name, patr_name, birth_dt, has_citizenship, gender_id, nationality_id, vip, ethnic_group_id, social_group_id) VALUES ('Шурша', 'Клавдий', 'Наумович', '2009-05-09', false, 1, 23, false, 2, 8);
INSERT INTO pim_individual (surname, name, patr_name, birth_dt, has_citizenship, gender_id, nationality_id, vip, ethnic_group_id, social_group_id) VALUES ('Борщёва', 'Дина', 'Казимировна', '1988-07-23', true, 2, 10, false, 2, 14);
INSERT INTO pim_individual (surname, name, patr_name, birth_dt, has_citizenship, gender_id, nationality_id, vip, ethnic_group_id, social_group_id) VALUES ('Забиров', 'Изяслав', 'Алексеевич', '1989-05-20', true, 1, 11, false, 1, 8);
INSERT INTO pim_individual (surname, name, patr_name, birth_dt, has_citizenship, gender_id, nationality_id, vip, ethnic_group_id, social_group_id) VALUES ('Хлебов', 'Эрнест', 'Анатолиевич', '1958-10-03', false, 1, 18, true, 1, 1);
INSERT INTO pim_individual (surname, name, patr_name, birth_dt, has_citizenship, gender_id, nationality_id, vip, ethnic_group_id, social_group_id) VALUES ('Балтабев', 'Евграф', 'Савелиевич', '1985-01-13', true, 1, 20, true, 2, 9);
INSERT INTO pim_individual (surname, name, patr_name, birth_dt, has_citizenship, gender_id, nationality_id, vip, ethnic_group_id, social_group_id) VALUES ('Шурдуков', 'Глеб', 'Евграфович', '1938-02-28', true, 1, 14, true, 2, 3);
INSERT INTO pim_individual (surname, name, patr_name, birth_dt, has_citizenship, gender_id, nationality_id, vip, ethnic_group_id, social_group_id) VALUES ('Караулин', 'Валерий', 'Модестович', '1959-07-24', false, 1, 4, true, 1, 6);
INSERT INTO pim_individual (surname, name, patr_name, birth_dt, has_citizenship, gender_id, nationality_id, vip, ethnic_group_id, social_group_id) VALUES ('Шостенко', 'Осип', 'Маркович', '1972-04-16', true, 1, 21, false, 2, 7);
INSERT INTO pim_individual (surname, name, patr_name, birth_dt, has_citizenship, gender_id, nationality_id, vip, ethnic_group_id, social_group_id) VALUES ('Ярилина', 'Римма', 'Всеволодовна', '1959-04-19', false, 2, 2, false, 1, 4);
INSERT INTO pim_individual (surname, name, patr_name, birth_dt, has_citizenship, gender_id, nationality_id, vip, ethnic_group_id, social_group_id) VALUES ('Шакмакова', 'Полина', 'Мефодиевна', '1957-07-09', false, 2, 19, true, 1, 9);
INSERT INTO pim_individual (surname, name, patr_name, birth_dt, has_citizenship, gender_id, nationality_id, vip, ethnic_group_id, social_group_id) VALUES ('Чунца', 'Ксения', 'Марковна', '1972-11-09', false, 2, 5, false, 2, 7);
INSERT INTO pim_individual (surname, name, patr_name, birth_dt, has_citizenship, gender_id, nationality_id, vip, ethnic_group_id, social_group_id) VALUES ('Казьмина', 'Софья', 'Ильевна', '1995-04-08', false, 2, 11, false, 1, 8);
INSERT INTO pim_individual (surname, name, patr_name, birth_dt, has_citizenship, gender_id, nationality_id, vip, ethnic_group_id, social_group_id) VALUES ('Валюхова', 'Раиса', 'Владиленовна', '1939-11-15', false, 2, 10, true, 1, 11);
INSERT INTO pim_individual (surname, name, patr_name, birth_dt, has_citizenship, gender_id, nationality_id, vip, ethnic_group_id, social_group_id) VALUES ('Хвостовский', 'Авдей', 'Адамович', '1949-10-01', false, 1, 10, true, 2, 8);
INSERT INTO pim_individual (surname, name, patr_name, birth_dt, has_citizenship, gender_id, nationality_id, vip, ethnic_group_id, social_group_id) VALUES ('Михальченкова', 'Зоя', 'Тимофеевна', '1978-09-30', true, 2, 12, false, 2, 6);
INSERT INTO pim_individual (surname, name, patr_name, birth_dt, has_citizenship, gender_id, nationality_id, vip, ethnic_group_id, social_group_id) VALUES ('Мещерякова', 'Ангелина', 'Николаевна', '1971-01-12', true, 2, 17, false, 1, 2);
INSERT INTO pim_individual (surname, name, patr_name, birth_dt, has_citizenship, gender_id, nationality_id, vip, ethnic_group_id, social_group_id) VALUES ('Безбородов', 'Модест', 'Елисеевич', '1967-01-03', true, 1, 23, true, 1, 13);
INSERT INTO pim_individual (surname, name, patr_name, birth_dt, has_citizenship, gender_id, nationality_id, vip, ethnic_group_id, social_group_id) VALUES ('Капустина', 'Евгения', 'Данииловна', '1960-07-16', false, 2, 22, true, 1, 6);
INSERT INTO pim_individual (surname, name, patr_name, birth_dt, has_citizenship, gender_id, nationality_id, vip, ethnic_group_id, social_group_id) VALUES ('Язвецова', 'Оксана', 'Ростиславовна', '1978-01-14', false, 2, 11, true, 2, 11);
INSERT INTO pim_individual (surname, name, patr_name, birth_dt, has_citizenship, gender_id, nationality_id, vip, ethnic_group_id, social_group_id) VALUES ('Суслов', 'Лукьян', 'Иннокентиевич', '1970-06-13', false, 1, 13, true, 1, 10);
INSERT INTO pim_individual (surname, name, patr_name, birth_dt, has_citizenship, gender_id, nationality_id, vip, ethnic_group_id, social_group_id) VALUES ('Таланов', 'Михаил', 'Агапович', '1976-10-30', false, 1, 8, true, 1, 12);
INSERT INTO pim_individual (surname, name, patr_name, birth_dt, has_citizenship, gender_id, nationality_id, vip, ethnic_group_id, social_group_id) VALUES ('Косинов', 'Андрон', 'Сидорович', '2000-04-24', false, 1, 18, false, 1, 1);
INSERT INTO pim_individual (surname, name, patr_name, birth_dt, has_citizenship, gender_id, nationality_id, vip, ethnic_group_id, social_group_id) VALUES ('Дьяченко', 'Марк', 'Владиславович', '1992-07-07', true, 1, 13, false, 2, 15);
INSERT INTO pim_individual (surname, name, patr_name, birth_dt, has_citizenship, gender_id, nationality_id, vip, ethnic_group_id, social_group_id) VALUES ('Козарь', 'Лада', 'Семеновна', '1969-11-14', true, 2, 23, true, 1, 9);
INSERT INTO pim_individual (surname, name, patr_name, birth_dt, has_citizenship, gender_id, nationality_id, vip, ethnic_group_id, social_group_id) VALUES ('Лукин', 'Макар', 'Григориевич', '1995-09-04', true, 1, 19, false, 2, 6);
INSERT INTO pim_individual (surname, name, patr_name, birth_dt, has_citizenship, gender_id, nationality_id, vip, ethnic_group_id, social_group_id) VALUES ('Шишкина', 'Берта', 'Михеевна', '2004-04-18', false, 2, 2, true, 1, 8);
INSERT INTO pim_individual (surname, name, patr_name, birth_dt, has_citizenship, gender_id, nationality_id, vip, ethnic_group_id, social_group_id) VALUES ('Вольваков', 'Вениамин', 'Тихонович', '1932-06-04', false, 1, 18, true, 2, 14);
INSERT INTO pim_individual (surname, name, patr_name, birth_dt, has_citizenship, gender_id, nationality_id, vip, ethnic_group_id, social_group_id) VALUES ('Садыкова', 'Фаина', 'Данилевна', '1962-01-25', false, 2, 10, true, 2, 4);
INSERT INTO pim_individual (surname, name, patr_name, birth_dt, has_citizenship, gender_id, nationality_id, vip, ethnic_group_id, social_group_id) VALUES ('Худяков', 'Евстигней', 'Модестович', '1999-02-26', true, 1, 5, false, 2, 4);
INSERT INTO pim_individual (surname, name, patr_name, birth_dt, has_citizenship, gender_id, nationality_id, vip, ethnic_group_id, social_group_id) VALUES ('Жернаков', 'Ипполит', 'Давидович', '1981-02-09', false, 1, 14, true, 1, 9);
INSERT INTO pim_individual (surname, name, patr_name, birth_dt, has_citizenship, gender_id, nationality_id, vip, ethnic_group_id, social_group_id) VALUES ('Болсунов', 'Тимур', 'Тихонович', '1969-08-10', false, 1, 11, true, 2, 8);
INSERT INTO pim_individual (surname, name, patr_name, birth_dt, has_citizenship, gender_id, nationality_id, vip, ethnic_group_id, social_group_id) VALUES ('Окладникова', 'Клара', 'Федотовна', '1990-05-09', true, 2, 23, true, 1, 14);
INSERT INTO pim_individual (surname, name, patr_name, birth_dt, has_citizenship, gender_id, nationality_id, vip, ethnic_group_id, social_group_id) VALUES ('Шумилов', 'Назар', 'Леонтиевич', '2012-06-19', false, 1, 6, false, 2, 3);
INSERT INTO pim_individual (surname, name, patr_name, birth_dt, has_citizenship, gender_id, nationality_id, vip, ethnic_group_id, social_group_id) VALUES ('Абарникова', 'Анфиса', 'Станиславовна', '1994-08-02', false, 2, 11, true, 1, 5);
INSERT INTO pim_individual (surname, name, patr_name, birth_dt, has_citizenship, gender_id, nationality_id, vip, ethnic_group_id, social_group_id) VALUES ('Касьянов', 'Олег', 'Владимирович', '1957-01-05', false, 1, 22, true, 1, 14);
INSERT INTO pim_individual (surname, name, patr_name, birth_dt, has_citizenship, gender_id, nationality_id, vip, ethnic_group_id, social_group_id) VALUES ('Рейслер', 'Никон', 'Потапович', '1981-06-01', true, 1, 19, false, 1, 5);
INSERT INTO pim_individual (surname, name, patr_name, birth_dt, has_citizenship, gender_id, nationality_id, vip, ethnic_group_id, social_group_id) VALUES ('Иванова', 'Зинаида', 'Виталиевна', '1933-09-11', true, 2, 22, true, 1, 13);
INSERT INTO pim_individual (surname, name, patr_name, birth_dt, has_citizenship, gender_id, nationality_id, vip, ethnic_group_id, social_group_id) VALUES ('Подшивалова', 'Нона', 'Марковна', '1969-04-23', false, 2, 8, false, 2, 13);
INSERT INTO pim_individual (surname, name, patr_name, birth_dt, has_citizenship, gender_id, nationality_id, vip, ethnic_group_id, social_group_id) VALUES ('Слобожанина', 'Инна', 'Кузьмевна', '1972-03-17', true, 2, 23, false, 1, 15);
INSERT INTO pim_individual (surname, name, patr_name, birth_dt, has_citizenship, gender_id, nationality_id, vip, ethnic_group_id, social_group_id) VALUES ('Петракова', 'Римма', 'Петровна', '1965-03-29', true, 2, 12, false, 2, 12);
INSERT INTO pim_individual (surname, name, patr_name, birth_dt, has_citizenship, gender_id, nationality_id, vip, ethnic_group_id, social_group_id) VALUES ('Жикина', 'Эльвира', 'Станиславовна', '1954-09-04', true, 2, 20, false, 1, 11);
INSERT INTO pim_individual (surname, name, patr_name, birth_dt, has_citizenship, gender_id, nationality_id, vip, ethnic_group_id, social_group_id) VALUES ('Полешко', 'Мстислав', 'Кондратович', '1953-03-27', true, 1, 20, true, 1, 7);
INSERT INTO pim_individual (surname, name, patr_name, birth_dt, has_citizenship, gender_id, nationality_id, vip, ethnic_group_id, social_group_id) VALUES ('Злобина', 'Римма', 'Давидовна', '1979-10-08', true, 2, 14, true, 1, 11);
INSERT INTO pim_individual (surname, name, patr_name, birth_dt, has_citizenship, gender_id, nationality_id, vip, ethnic_group_id, social_group_id) VALUES ('Гагарин', 'Наум', 'Михеевич', '1994-08-04', true, 1, 11, true, 1, 15);
INSERT INTO pim_individual (surname, name, patr_name, birth_dt, has_citizenship, gender_id, nationality_id, vip, ethnic_group_id, social_group_id) VALUES ('Мелехов', 'Пимен', 'Герасимович', '1934-04-20', false, 1, 14, true, 1, 3);
INSERT INTO pim_individual (surname, name, patr_name, birth_dt, has_citizenship, gender_id, nationality_id, vip, ethnic_group_id, social_group_id) VALUES ('Янкилевский', 'Евстигней', 'Сидорович', '1963-04-24', true, 1, 2, false, 2, 8);
INSERT INTO pim_individual (surname, name, patr_name, birth_dt, has_citizenship, gender_id, nationality_id, vip, ethnic_group_id, social_group_id) VALUES ('Должикова', 'Регина', 'Карповна', '2012-06-26', false, 2, 23, true, 1, 13);
INSERT INTO pim_individual (surname, name, patr_name, birth_dt, has_citizenship, gender_id, nationality_id, vip, ethnic_group_id, social_group_id) VALUES ('Подоров', 'Август', 'Богданович', '1975-12-23', true, 1, 5, false, 2, 6);
INSERT INTO pim_individual (surname, name, patr_name, birth_dt, has_citizenship, gender_id, nationality_id, vip, ethnic_group_id, social_group_id) VALUES ('Канадина', 'Христина', 'Ивановна', '1962-08-28', false, 2, 19, true, 2, 6);
INSERT INTO pim_individual (surname, name, patr_name, birth_dt, has_citizenship, gender_id, nationality_id, vip, ethnic_group_id, social_group_id) VALUES ('Дорофеев', 'Лука', 'Никонович', '1989-07-16', true, 1, 4, false, 1, 1);
INSERT INTO pim_individual (surname, name, patr_name, birth_dt, has_citizenship, gender_id, nationality_id, vip, ethnic_group_id, social_group_id) VALUES ('Петрищев', 'Вениамин', 'Михеевич', '1983-06-05', false, 1, 23, true, 2, 3);
INSERT INTO pim_individual (surname, name, patr_name, birth_dt, has_citizenship, gender_id, nationality_id, vip, ethnic_group_id, social_group_id) VALUES ('Багрова', 'Алла', 'Родионовна', '1960-07-17', false, 2, 4, true, 1, 11);
INSERT INTO pim_individual (surname, name, patr_name, birth_dt, has_citizenship, gender_id, nationality_id, vip, ethnic_group_id, social_group_id) VALUES ('Леонидова', 'Ираида', 'Владленовна', '1999-07-24', true, 2, 16, false, 1, 10);
INSERT INTO pim_individual (surname, name, patr_name, birth_dt, has_citizenship, gender_id, nationality_id, vip, ethnic_group_id, social_group_id) VALUES ('Коленко', 'Сергей', 'Эрнстович', '2006-07-17', true, 1, 2, false, 2, 8);
INSERT INTO pim_individual (surname, name, patr_name, birth_dt, has_citizenship, gender_id, nationality_id, vip, ethnic_group_id, social_group_id) VALUES ('Ябурова', 'Эмма', 'Давидовна', '1977-07-19', false, 2, 14, true, 1, 13);
INSERT INTO pim_individual (surname, name, patr_name, birth_dt, has_citizenship, gender_id, nationality_id, vip, ethnic_group_id, social_group_id) VALUES ('Юрлова', 'Софья', 'Игоревна', '1981-08-12', true, 2, 20, false, 2, 8);
INSERT INTO pim_individual (surname, name, patr_name, birth_dt, has_citizenship, gender_id, nationality_id, vip, ethnic_group_id, social_group_id) VALUES ('Херман', 'Святослав', 'Ираклиевич', '1988-01-01', true, 1, 4, true, 1, 3);
INSERT INTO pim_individual (surname, name, patr_name, birth_dt, has_citizenship, gender_id, nationality_id, vip, ethnic_group_id, social_group_id) VALUES ('Артамонов', 'Якуб', 'Анатолиевич', '1984-08-18', true, 1, 13, false, 1, 7);
INSERT INTO pim_individual (surname, name, patr_name, birth_dt, has_citizenship, gender_id, nationality_id, vip, ethnic_group_id, social_group_id) VALUES ('Драгомиров', 'Артур', 'Никитевич', '1937-01-01', false, 1, 7, false, 2, 9);
INSERT INTO pim_individual (surname, name, patr_name, birth_dt, has_citizenship, gender_id, nationality_id, vip, ethnic_group_id, social_group_id) VALUES ('Радченко', 'Оксана', 'Ильевна', '1948-08-28', false, 2, 4, true, 2, 1);
INSERT INTO pim_individual (surname, name, patr_name, birth_dt, has_citizenship, gender_id, nationality_id, vip, ethnic_group_id, social_group_id) VALUES ('Чечёткина', 'Каролина', 'Петровна', '1983-04-04', false, 2, 5, false, 2, 10);
INSERT INTO pim_individual (surname, name, patr_name, birth_dt, has_citizenship, gender_id, nationality_id, vip, ethnic_group_id, social_group_id) VALUES ('Данильцин', 'Вячеслав', 'Ипатович', '1981-09-09', false, 1, 22, true, 2, 9);
INSERT INTO pim_individual (surname, name, patr_name, birth_dt, has_citizenship, gender_id, nationality_id, vip, ethnic_group_id, social_group_id) VALUES ('Будылина', 'Ефросинья', 'Федоровна', '1936-02-01', false, 2, 14, true, 1, 1);
INSERT INTO pim_individual (surname, name, patr_name, birth_dt, has_citizenship, gender_id, nationality_id, vip, ethnic_group_id, social_group_id) VALUES ('Негуторова', 'Дина', 'Емельяновна', '2001-05-30', false, 2, 13, true, 2, 4);
INSERT INTO pim_individual (surname, name, patr_name, birth_dt, has_citizenship, gender_id, nationality_id, vip, ethnic_group_id, social_group_id) VALUES ('Пищикова', 'Нина', 'Никитевна', '1929-05-10', true, 2, 5, true, 2, 3);
INSERT INTO pim_individual (surname, name, patr_name, birth_dt, has_citizenship, gender_id, nationality_id, vip, ethnic_group_id, social_group_id) VALUES ('Чичеров', 'Яков', 'Моисеевич', '1962-01-01', false, 1, 10, true, 2, 4);
INSERT INTO pim_individual (surname, name, patr_name, birth_dt, has_citizenship, gender_id, nationality_id, vip, ethnic_group_id, social_group_id) VALUES ('Низовцева', 'Всеслава', 'Давидовна', '1986-09-05', false, 2, 16, false, 2, 13);
INSERT INTO pim_individual (surname, name, patr_name, birth_dt, has_citizenship, gender_id, nationality_id, vip, ethnic_group_id, social_group_id) VALUES ('Логвинов', 'Лука', 'Филиппович', '1974-01-16', true, 1, 15, false, 2, 7);
INSERT INTO pim_individual (surname, name, patr_name, birth_dt, has_citizenship, gender_id, nationality_id, vip, ethnic_group_id, social_group_id) VALUES ('Маркин', 'Семен', 'Демьянович', '1929-03-25', false, 1, 14, false, 2, 2);
INSERT INTO pim_individual (surname, name, patr_name, birth_dt, has_citizenship, gender_id, nationality_id, vip, ethnic_group_id, social_group_id) VALUES ('Родионова', 'Анфиса', 'Тимуровна', '1984-04-16', false, 2, 5, true, 1, 3);
INSERT INTO pim_individual (surname, name, patr_name, birth_dt, has_citizenship, gender_id, nationality_id, vip, ethnic_group_id, social_group_id) VALUES ('Стрельцова', 'Ева', 'Романовна', '1978-06-01', false, 2, 7, true, 2, 2);
INSERT INTO pim_individual (surname, name, patr_name, birth_dt, has_citizenship, gender_id, nationality_id, vip, ethnic_group_id, social_group_id) VALUES ('Харзин', 'Пахом', 'Зиновиевич', '1956-07-25', false, 1, 18, true, 1, 11);
INSERT INTO pim_individual (surname, name, patr_name, birth_dt, has_citizenship, gender_id, nationality_id, vip, ethnic_group_id, social_group_id) VALUES ('Пушкин', 'Наум', 'Якубович', '1963-03-02', true, 1, 2, true, 2, 3);
INSERT INTO pim_individual (surname, name, patr_name, birth_dt, has_citizenship, gender_id, nationality_id, vip, ethnic_group_id, social_group_id) VALUES ('Мананникова', 'Лариса', 'Владиленовна', '1942-03-03', false, 2, 4, true, 2, 5);
INSERT INTO md_ethnic_group (name) VALUES ('монголы-татары');
INSERT INTO md_ethnic_group (name) VALUES ('русские');
INSERT INTO md_soc_group (name) VALUES ('Работающий');
INSERT INTO md_soc_group (name) VALUES ('Неработающий');
INSERT INTO md_soc_group (name) VALUES ('Дошкольник организованный');
INSERT INTO md_soc_group (name) VALUES ('Дошкольник неорганизованный');
INSERT INTO md_soc_group (name) VALUES ('Учащийся');
INSERT INTO md_soc_group (name) VALUES ('Школьник');
INSERT INTO md_soc_group (name) VALUES ('Студент ВУЗа');
INSERT INTO md_soc_group (name) VALUES ('Пенсионер');
INSERT INTO md_soc_group (name) VALUES ('Военнослужащий');
INSERT INTO md_soc_group (name) VALUES ('Член семьи военнослужащего');
INSERT INTO md_soc_group (name) VALUES ('БОМЖ');
INSERT INTO md_soc_group (name) VALUES ('Дети, оставшиеся без попечения родителей');
INSERT INTO md_soc_group (name) VALUES ('Учащийся системы профтехобразования');
INSERT INTO md_soc_group (name) VALUES ('Рабочие промышленных предприятий');
INSERT INTO md_soc_group (name) VALUES ('Рабочие учреждений и организаций Минсельхоза');
INSERT INTO pim_organization (short_name) VALUES ('ГКБ №7');
INSERT INTO pim_organization (short_name) VALUES ('Поликлинника №12');
INSERT INTO pim_organization (short_name) VALUES ('ЦУП');
INSERT INTO pim_organization (short_name) VALUES ('ГУЗ   ОНКОЛОГИЧЕСКИЙ ДИСПАНСЕР Г.РУБЦОВСКА  ');
INSERT INTO pim_organization (short_name) VALUES ('КГУЗ   АЛТАЙСКИЙ КРАЕВОЙ КАРДИОЛОГИЧЕСКИЙ ДИСПАНСЕР  ');
INSERT INTO pim_organization (short_name) VALUES ('КГУЗ   КОЖНО-ВЕНЕРОЛОГИЧЕСКИЙ ДИСПАНСЕР,Г.БАРНАУЛ  ');
INSERT INTO pim_organization (short_name) VALUES ('КГУЗ   КРАЕВАЯ СТОМАТОЛОГИЧЕСКАЯ ПОЛИКЛИНИКА  ');
INSERT INTO pim_organization (short_name) VALUES ('КГУЗ   ПЕРИНАТАЛЬНЫЙ ЦЕНТР (КЛИНИЧЕСКИЙ) АЛТАЙСКОГО КРАЯ  ');
INSERT INTO pim_organization (short_name) VALUES ('МУЗ   ДЕТСКАЯ ГОРОДСКАЯ ПОЛИКЛИНИКА №8  ');
INSERT INTO pim_organization (short_name) VALUES ('МУЗ   НОВИЧИХИНСКАЯ ЦРБ  ');
INSERT INTO pim_organization (short_name) VALUES ('ГУЗ   АЛТАЙСКИЙ КРАЕВОЙ ВРАЧЕБНО-ФИЗКУЛЬТУРНЫЙ ДИСПАНСЕР  ');
INSERT INTO pim_organization (short_name) VALUES ('МУЗ НОВОПОКРОВСКАЯ ЦРБ');
INSERT INTO pim_organization (short_name) VALUES ('МБУЗ_ЛПУ_Т1');
INSERT INTO pim_organization (short_name) VALUES ('КГУЗ   КОЖНО-ВЕНЕРОЛОГИЧЕСКИЙ ДИСПАНСЕР, Г.БИЙСК  ');
INSERT INTO pim_organization (short_name) VALUES ('ЗАО   САНАТОРИЙ СОСНОВЫЙ БОР  ');
INSERT INTO pim_organization (short_name) VALUES ('Hisamitsu Pharmaceutical Co.');
INSERT INTO pim_organization (short_name) VALUES ('ИП Науменко Н.В.');
INSERT INTO pim_organization (short_name) VALUES ('ПраймФарм');
INSERT INTO pim_organization (short_name) VALUES ('Tenlun Shenhu Keji Co., Ltd');
INSERT INTO pim_organization (short_name) VALUES ('БИОМЕДИЦИНА Международное общество');
INSERT INTO pim_organization (short_name) VALUES ('Организация 12345');
INSERT INTO pim_organization (short_name) VALUES ('МУЗ   ЦРБ НЕМЕЦКОГО НАЦИОНАЛЬНОГО РАЙОНА  ');
INSERT INTO pim_department (name, org_id) VALUES ('Стоматологические (зубоврачебные)', 19);
INSERT INTO pim_department (name, org_id) VALUES ('Стоматологические', 5);
INSERT INTO pim_department (name, org_id) VALUES ('Акушерство и гинекология', 10);
INSERT INTO pim_department (name, org_id) VALUES ('Терапевтическое отделение', 19);
INSERT INTO pim_department (name, org_id) VALUES ('Акушерские отделения патологии беременности', 15);
INSERT INTO pim_department (name, org_id) VALUES ('123', 5);
INSERT INTO pim_department (name, org_id) VALUES ('Гастроэнтерология', 21);
INSERT INTO pim_department (name, org_id) VALUES ('Терапевтическое отделение', 10);
INSERT INTO pim_department (name, org_id) VALUES ('Взрослая поликлиника КМО', 11);
INSERT INTO pim_department (name, org_id) VALUES ('Поликлиника', 6);
INSERT INTO pim_department (name, org_id) VALUES ('Администрация', 20);
INSERT INTO pim_department (name, org_id) VALUES ('Outpatient hospital', 3);
INSERT INTO pim_department (name, org_id) VALUES ('Vascular surgery', 4);
INSERT INTO pim_department (name, org_id) VALUES ('Терапевтическое отделение', 12);
INSERT INTO pim_department (name, org_id) VALUES ('родильное отделение', 18);
INSERT INTO pim_department (name, org_id) VALUES ('Приемное отд  0412', 6);
INSERT INTO pim_department (name, org_id) VALUES ('Оперативный отдел', 6);
INSERT INTO pim_department (name, org_id) VALUES ('хирургическое', 11);
INSERT INTO pim_department (name, org_id) VALUES ('Диспетчерская приема и передачи вызовов', 12);
INSERT INTO pim_department (name, org_id) VALUES ('Приемное отделение', 3);
INSERT INTO pim_room (name, department_id) VALUES ('Палата №1', 15);
INSERT INTO pim_room (name, department_id) VALUES ('Кабинет №214', 15);
INSERT INTO pim_room (name, department_id) VALUES ('Операционная Бугульма РТ', 7);
INSERT INTO pim_room (name, department_id) VALUES ('про', 9);
INSERT INTO pim_room (name, department_id) VALUES ('палатаМ', 18);
INSERT INTO pim_room (name, department_id) VALUES ('1egfg', 1);
INSERT INTO pim_room (name, department_id) VALUES ('первая палата 0412', 16);
INSERT INTO pim_room (name, department_id) VALUES ('Служебный кабинет 12345', 3);
INSERT INTO pim_room (name, department_id) VALUES ('Палата 1234', 1);
INSERT INTO pim_room (name, department_id) VALUES ('Служебный кабинет 1234', 4);
INSERT INTO pim_room (name, department_id) VALUES ('Палата Амед', 5);
INSERT INTO pim_room (name, department_id) VALUES ('Кабинет главного хирурга', 18);
INSERT INTO pim_room (name, department_id) VALUES ('Палата в приемном отделении', 3);
INSERT INTO pim_room (name, department_id) VALUES ('Кабинет №12', 8);
INSERT INTO pim_room (name, department_id) VALUES ('11', 7);
INSERT INTO pim_room (name, department_id) VALUES ('Кабинет №15', 13);
INSERT INTO pim_room (name, department_id) VALUES ('Кабинет №12', 19);
INSERT INTO pim_room (name, department_id) VALUES ('Палата 15', 20);
INSERT INTO pim_room (name, department_id) VALUES ('Операционная на 2 этаже', 5);
INSERT INTO pim_room (name, department_id) VALUES ('Палата операционная', 10);
INSERT INTO address_element_level (code) VALUES ('1');
INSERT INTO address_element_level (code) VALUES ('2');
INSERT INTO address_element_level (code) VALUES ('3');
INSERT INTO address_element_level (code) VALUES ('4');
INSERT INTO address_element_level (code) VALUES ('5');
INSERT INTO address_element_level (code) VALUES ('6');
INSERT INTO address_element_level (code) VALUES ('7');
INSERT INTO address_element_level (code) VALUES ('8');
INSERT INTO address_element_level (code) VALUES ('9');
INSERT INTO address_element_type (name, short_name) VALUES ('Страна', 'страна');
INSERT INTO address_element_type (name, short_name) VALUES ('Автономная область', 'Аобл');
INSERT INTO address_element_type (name, short_name) VALUES ('Республика', 'респ');
INSERT INTO address_element_type (name, short_name) VALUES ('Улица', 'ул');
INSERT INTO address_element_type (name, short_name) VALUES ('Город', 'г');
INSERT INTO address_element (name, parent_id, level_id, type_id, display_format_id) VALUES ('Российская Федерация', null, 1, 1, null);
INSERT INTO address_element (name, parent_id, level_id, type_id, display_format_id) VALUES ('Башкортостан', 1, 2, 3, null);
INSERT INTO address_element (name, parent_id, level_id, type_id, display_format_id) VALUES ('Уфа', 2, 4, 5, null);
INSERT INTO address_element (name, parent_id, level_id, type_id, display_format_id) VALUES ('Абадзехская', 3, 6, 4, null);
INSERT INTO address_element (name, parent_id, level_id, type_id, display_format_id) VALUES ('Абрикосовая', 3, 6, 4, null);
INSERT INTO address_element (name, parent_id, level_id, type_id, display_format_id) VALUES ('Авиационный', 3, 6, 4, null);
INSERT INTO address_element (name, parent_id, level_id, type_id, display_format_id) VALUES ('Автодорога 7', 3, 6, 4, null);
INSERT INTO address_element (name, parent_id, level_id, type_id, display_format_id) VALUES ('Адыгейская', 3, 6, 4, null);
INSERT INTO address_element (name, parent_id, level_id, type_id, display_format_id) VALUES ('Андрухаева', 3, 6, 4, null);
INSERT INTO address_element (name, parent_id, level_id, type_id, display_format_id) VALUES ('Апшеронская', 3, 6, 4, null);
INSERT INTO address_element (name, parent_id, level_id, type_id, display_format_id) VALUES ('Армавирская', 3, 6, 4, null);
INSERT INTO address_element (name, parent_id, level_id, type_id, display_format_id) VALUES ('Армейская', 3, 6, 4, null);
INSERT INTO address_element (name, parent_id, level_id, type_id, display_format_id) VALUES ('Ачмизова', 3, 6, 4, null);
INSERT INTO address_element (name, parent_id, level_id, type_id, display_format_id) VALUES ('Ашхамафа', 3, 6, 4, null);
INSERT INTO address_element (name, parent_id, level_id, type_id, display_format_id) VALUES ('Аэродромная', 3, 6, 4, null);
INSERT INTO address_element (name, parent_id, level_id, type_id, display_format_id) VALUES ('Батарейная', 3, 6, 4, null);
INSERT INTO address_element (name, parent_id, level_id, type_id, display_format_id) VALUES ('Береговая', 3, 6, 4, null);
INSERT INTO address_element (name, parent_id, level_id, type_id, display_format_id) VALUES ('Марий Эл', 1, 2, 3, null);
INSERT INTO address_element (name, parent_id, level_id, type_id, display_format_id) VALUES ('Йошкар-Ола', 18, 4, 5, null);
INSERT INTO address_element (name, parent_id, level_id, type_id, display_format_id) VALUES ('Волжск', 18, 4, 5, null);
INSERT INTO address_element (name, parent_id, level_id, type_id, display_format_id) VALUES ('Звенигово', 18, 4, 5, null);
INSERT INTO address_element (name, parent_id, level_id, type_id, display_format_id) VALUES ('Жукова', 19, 6, 4, null);
INSERT INTO address_element (name, parent_id, level_id, type_id, display_format_id) VALUES ('Московская', 19, 6, 4, null);
INSERT INTO address_element (name, parent_id, level_id, type_id, display_format_id) VALUES ('Лермонтова', 19, 6, 4, null);
INSERT INTO pci_benefit_type (name) VALUES ('Инвалидность');
INSERT INTO pci_benefit_type (name) VALUES ('Региональная льгота на детское питание');
INSERT INTO pci_benefit_type (name) VALUES ('Федеральная льгота на ЛО');
INSERT INTO pci_benefit_type (name) VALUES ('Региональная льгота на ЛО по контингенту');
INSERT INTO pci_benefit_type (name) VALUES ('7 Высоко Затратных Нозологий');
INSERT INTO pci_benefit_type (name) VALUES ('Региональная льгота на ЛО по заболеванию');
INSERT INTO pci_benefit_type (name) VALUES ('Льготная категория');
INSERT INTO pim_doc_type (code, name) VALUES ('DIPLOMA', 'Диплом');
INSERT INTO pim_doc_type (code, name) VALUES ('CERTIFICATE', 'Сертификат');
INSERT INTO pim_doc_type (code, name) VALUES ('ASSIGNMENT_CATEGORY', 'Документ о присвоении категории');
INSERT INTO pim_doc_type (code, name) VALUES ('EDU_DOCS', 'Другие документы');
INSERT INTO pim_doc_type (code, name) VALUES ('ASSIGNMENT_SINCE', 'Документ о присвоении ученой степени, звания');
INSERT INTO pim_doc_type (code, name) VALUES ('DEATH_CERTIFICATE', 'Свидетельство о смерти');
INSERT INTO pim_doc_type (code, name) VALUES ('FORENSIC_EXP', 'Направление на судмедэкспертизу');
INSERT INTO pim_doc_type (code, name) VALUES ('DIR_POSTMORTEM', 'Направление на патологоанатомическое вскрытие');
INSERT INTO pim_doc_type (code, name) VALUES ('DEATH_REF', 'Справка о смерти ф.33 (ЗАГС)');
INSERT INTO pim_doc_type (code, name) VALUES ('DISABILITY_REF', 'Справка об инвалидности');
INSERT INTO pim_doc_type (code, name) VALUES ('IDENTY_BENEFIT', 'Удостоверение');
INSERT INTO pim_doc_type (code, name) VALUES ('INN', 'Свидетельство о присвоении ИНН');
INSERT INTO pim_doc_type (code, name) VALUES ('MHI_TEMP', 'Временное свидетельство');
INSERT INTO pim_doc_type (code, name) VALUES ('LOST_PASS', 'Справка об утере или хищении паспорта');
INSERT INTO pim_doc_type (code, name) VALUES ('11', 'Вид на жительство');
INSERT INTO pim_doc_type (code, name) VALUES ('13', 'Временное удостоверение личности гражданина РФ');
INSERT INTO pim_doc_type (code, name) VALUES ('PASSMVD', 'Иные документы, выдаваемые органами МВД');
INSERT INTO pim_doc_type (code, name) VALUES ('9', 'Иностранный паспорт');
INSERT INTO pim_doc_type (code, name) VALUES ('4', 'Удостоверение личности офицера');
INSERT INTO pim_doc_type (code, name) VALUES ('6', 'Паспорт Минморфлота');
INSERT INTO pim_doc_type (code, name) VALUES ('MHI_VOLUNTARY', 'Полис ДМС');
INSERT INTO pim_doc_type (code, name) VALUES ('BIRTHZAGRAN', 'Свидетельство о рождении, выданное уполномоченным органом иностранного государства');
INSERT INTO pim_doc_type (code, name) VALUES ('CERT_TEMP_ASYLUM_RF', 'Свидетельство о предоставлении временного убежища на территории Российской Федерации');
INSERT INTO pim_doc_type (code, name) VALUES ('INQUIRY_TEMP_ASYLUM_RF', 'Справка о рассмотрении заявления о предоставлении временного убежища на территории РФ');
INSERT INTO pim_doc_type (code, name) VALUES ('BIRTH', 'Свидетельство о рождении');
INSERT INTO pim_doc_type (code, name) VALUES ('DISMISS', 'Справка об освобождении из мест лишения свободы');
INSERT INTO pim_doc_type (code, name) VALUES ('VOEN', 'Военный билет солдата (матроса, сержанта, старшины)');
INSERT INTO pim_doc_type (code, name) VALUES ('CHANGE_NAME', 'Свидетельство о перемене имени');
INSERT INTO pim_doc_type (code, name) VALUES ('8', 'Дипломатический паспорт гражданина РФ');
INSERT INTO pim_doc_type (code, name) VALUES ('10', 'Свидетельство о регистрации ходатайства иммигранта о признании его беженцем');
INSERT INTO pim_doc_type (code, name) VALUES ('REFUGEE', 'Удостоверение беженца в РФ');
INSERT INTO pim_doc_type (code, name) VALUES ('PASSPORT_RUSSIAN_FEDERATION', 'Паспорт гражданина РФ (России)');
INSERT INTO pim_doc_type (code, name) VALUES ('PASSZAGRAN', 'Загранпаспорт гражданина РФ');
INSERT INTO pim_doc_type (code, name) VALUES ('16', 'Паспорт моряка');
INSERT INTO pim_doc_type (code, name) VALUES ('17', 'Военный билет');
INSERT INTO pim_doc_type (code, name) VALUES ('SNILS', 'Пенсионное страховое свидетельство');
INSERT INTO pim_doc_type (code, name) VALUES ('PASSUSSR', 'Паспорт гражданина СССР');
INSERT INTO pim_doc_type (code, name) VALUES ('DRIVING_LICENCE', 'Водительское удостоверение');
INSERT INTO pim_doc_type (code, name) VALUES ('2', 'Загранпаспорт гражданина СССР');
INSERT INTO pim_doc_type (code, name) VALUES ('PERSON', 'Удостоверение личности');
INSERT INTO pim_doc_type (code, name) VALUES ('PENSION_CERTIFICATE', 'Пенсионное удостоверение');
INSERT INTO pim_doc_type (code, name) VALUES ('MED_LICENCE', 'Лицензия на медицинскую деятельность по профилю');
INSERT INTO pim_doc_type (code, name) VALUES ('INSURANCE_LICENCE', 'Лицензия на страховую деятельность');
INSERT INTO pim_doc_type (code, name) VALUES ('MHI_OLDER', 'Полис ОМС старого образца');
INSERT INTO pim_doc_type (code, name) VALUES ('MHI_UNIFORM', 'Полис ОМС единого образца');
INSERT INTO pim_individual_doc (indiv_id, series, "number", type_id, is_active, name, surname, patr_name) VALUES (7, '16АБ', '4567646', 18, false, 'Зоя', 'Злобина', 'Данилевна');
INSERT INTO pim_individual_doc (indiv_id, series, "number", type_id, is_active, name, surname, patr_name) VALUES (7, '1122334455', '11223344556677', 41, false, 'Давид', 'Паулкин', 'Игоревич');
INSERT INTO pim_individual_doc (indiv_id, series, "number", type_id, is_active, name, surname, patr_name) VALUES (35, '16АБ', '3684456', 43, false, 'Оксана', 'Тихоновна', 'Ильевна');
INSERT INTO pim_individual_doc (indiv_id, series, "number", type_id, is_active, name, surname, patr_name) VALUES (8, '1122334455', '11223344556677', 41, false, 'Давид', 'Паулкин', 'Игоревич');
INSERT INTO pim_individual_doc (indiv_id, series, "number", type_id, is_active, name, surname, patr_name) VALUES (128, '16АБ', '6587421', 43, false, 'Эмма', 'Михалёва', 'Василиевна');
INSERT INTO pim_individual_doc (indiv_id, series, "number", type_id, is_active, name, surname, patr_name) VALUES (5, '445345', '1542452452', 21, false, '', '', '');
INSERT INTO pim_individual_doc (indiv_id, series, "number", type_id, is_active, name, surname, patr_name) VALUES (38, '', '63', 16, false, '', '3636', '');
INSERT INTO pim_individual_doc (indiv_id, series, "number", type_id, is_active, name, surname, patr_name) VALUES (9, '9204', '1234567', 32, false, 'Алиса', 'Санталова', 'Владимировна');
INSERT INTO pim_individual_doc (indiv_id, series, "number", type_id, is_active, name, surname, patr_name) VALUES (14, 'IIIСТ', '8467543', 25, false, '', '', '');
INSERT INTO pim_individual_doc (indiv_id, series, "number", type_id, is_active, name, surname, patr_name) VALUES (131, '4949', '4949494', 32, false, '', '', '');
INSERT INTO pim_individual_doc (indiv_id, series, "number", type_id, is_active, name, surname, patr_name) VALUES (4, '343', '3434', 2, false, 'null', 'null', 'null');
INSERT INTO pim_individual_doc (indiv_id, series, "number", type_id, is_active, name, surname, patr_name) VALUES (112, '16АБ', '9678458', 43, false, 'Жанна', 'Зарубина', 'Василиевна');
INSERT INTO pim_individual_doc (indiv_id, series, "number", type_id, is_active, name, surname, patr_name) VALUES (6, '16АБ', '6579876', 43, false, 'Станислав', 'Никулаичев', 'Анатолиевич');
INSERT INTO pim_individual_doc (indiv_id, series, "number", type_id, is_active, name, surname, patr_name) VALUES (80, '8888', '8888888', 32, false, '', '', '');
INSERT INTO pim_individual_doc (indiv_id, series, "number", type_id, is_active, name, surname, patr_name) VALUES (39, '324234234', '234234324', 43, false, 'null', 'null', 'null');
INSERT INTO pim_individual_doc (indiv_id, series, "number", type_id, is_active, name, surname, patr_name) VALUES (79, '16АБ', '6548752', 43, false, 'Любава', 'Тихоненко', 'Трофимовна');
INSERT INTO pim_individual_doc (indiv_id, series, "number", type_id, is_active, name, surname, patr_name) VALUES (119, '16АБ', '7000226', 43, false, 'Лада', 'Бакрылова', 'Ивановна');
INSERT INTO pim_individual_doc (indiv_id, series, "number", type_id, is_active, name, surname, patr_name) VALUES (32, '435', '345345', 3, false, 'null', 'null', 'null');
INSERT INTO pim_individual_doc (indiv_id, series, "number", type_id, is_active, name, surname, patr_name) VALUES (47, '4545', '4545454', 32, false, '', '', '');
INSERT INTO pim_individual_doc (indiv_id, series, "number", type_id, is_active, name, surname, patr_name) VALUES (136, '16АБ', '5638232', 43, false, 'Евгения', 'Нагиева', 'Андреевна');
INSERT INTO pim_individual_doc (indiv_id, series, "number", type_id, is_active, name, surname, patr_name) VALUES (83, '16АБ', '3687749', 43, false, 'Римма', 'Подшивалова', 'Степановна');
INSERT INTO pim_individual_doc (indiv_id, series, "number", type_id, is_active, name, surname, patr_name) VALUES (154, '16АБ', '8765485', 43, false, 'Таисия', 'Билалутдинова', 'Гильмухановна');
INSERT INTO pim_individual_doc (indiv_id, series, "number", type_id, is_active, name, surname, patr_name) VALUES (80, '16АБ', '3574864', 43, false, 'Вера', 'Крылова', 'Василиевна');
INSERT INTO pim_individual_doc (indiv_id, series, "number", type_id, is_active, name, surname, patr_name) VALUES (105, '16АБ', '7546876', 43, false, 'Денис', 'Меркушев', 'Михеевич');
INSERT INTO pim_individual_doc (indiv_id, series, "number", type_id, is_active, name, surname, patr_name) VALUES (120, '16АБ', '8765437', 43, false, 'Оксана', 'Мухаметзянова', 'Якововна');
INSERT INTO pim_individual_doc (indiv_id, series, "number", type_id, is_active, name, surname, patr_name) VALUES (132, '16АБ', '6546816', 43, false, 'Юлия', 'Петракова', 'Михеевна');
INSERT INTO pim_individual_doc (indiv_id, series, "number", type_id, is_active, name, surname, patr_name) VALUES (146, '54', '53635645', 1, false, '', '', '');
INSERT INTO pim_individual_doc (indiv_id, series, "number", type_id, is_active, name, surname, patr_name) VALUES (31, '634636', '23524525', 2, false, '', '', '');
INSERT INTO pim_individual_doc (indiv_id, series, "number", type_id, is_active, name, surname, patr_name) VALUES (109, 'null', '4324234', 43, false, 'null', 'null', 'null');
INSERT INTO pim_individual_doc (indiv_id, series, "number", type_id, is_active, name, surname, patr_name) VALUES (146, '8108', '188765', 32, false, '', '', '');
INSERT INTO pim_individual_doc (indiv_id, series, "number", type_id, is_active, name, surname, patr_name) VALUES (140, 'null', '35345', 43, false, 'null', 'null', 'null');
INSERT INTO pim_individual_doc (indiv_id, series, "number", type_id, is_active, name, surname, patr_name) VALUES (104, 'null', '234234', 43, false, 'null', 'null', 'null');
INSERT INTO pim_individual_doc (indiv_id, series, "number", type_id, is_active, name, surname, patr_name) VALUES (75, '64634656', '5643634', 43, false, 'null', 'null', 'null');
INSERT INTO pim_individual_doc (indiv_id, series, "number", type_id, is_active, name, surname, patr_name) VALUES (156, '2342', '2342342', 32, false, 'null', 'null', 'null');
INSERT INTO pim_individual_doc (indiv_id, series, "number", type_id, is_active, name, surname, patr_name) VALUES (156, '2222', '333', 32, false, 'null', 'null', 'null');
INSERT INTO pim_individual_doc (indiv_id, series, "number", type_id, is_active, name, surname, patr_name) VALUES (96, '785488', '58585', 21, false, '', '', '');
INSERT INTO pim_individual_doc (indiv_id, series, "number", type_id, is_active, name, surname, patr_name) VALUES (79, '754858958', '975689568958', 43, false, '', '', '');
INSERT INTO pim_individual_doc (indiv_id, series, "number", type_id, is_active, name, surname, patr_name) VALUES (56, '', '0300000000000023', 44, false, '', '', '');
INSERT INTO pim_individual_doc (indiv_id, series, "number", type_id, is_active, name, surname, patr_name) VALUES (44, '', '13939143888', 16, false, 'Родион', 'Мелехов', 'Ипатович');
INSERT INTO pim_individual_doc (indiv_id, series, "number", type_id, is_active, name, surname, patr_name) VALUES (102, 'null', '123123213', 43, false, 'null', 'null', 'null');
INSERT INTO pim_individual_doc (indiv_id, series, "number", type_id, is_active, name, surname, patr_name) VALUES (57, '9206', '2131545', 32, false, 'Формирования', 'Для', 'Счета');
INSERT INTO pim_individual_doc (indiv_id, series, "number", type_id, is_active, name, surname, patr_name) VALUES (63, 'Р', '742531', 43, false, '', '', '');
INSERT INTO pim_individual_doc (indiv_id, series, "number", type_id, is_active, name, surname, patr_name) VALUES (120, '9201', '225682', 32, false, '', '', '');
INSERT INTO pim_individual_doc (indiv_id, series, "number", type_id, is_active, name, surname, patr_name) VALUES (101, '43', '765765', 1, false, '', '', '');
INSERT INTO pim_individual_doc (indiv_id, series, "number", type_id, is_active, name, surname, patr_name) VALUES (25, '', '4234241425234524', 44, false, '', '', '');
INSERT INTO pim_individual_doc (indiv_id, series, "number", type_id, is_active, name, surname, patr_name) VALUES (48, '21212', '21212121212', 43, false, '', '', '');
INSERT INTO pim_individual_doc (indiv_id, series, "number", type_id, is_active, name, surname, patr_name) VALUES (86, '9209', '800940', 32, false, '', '', '');
INSERT INTO pim_individual_doc (indiv_id, series, "number", type_id, is_active, name, surname, patr_name) VALUES (54, '', '3333333333', 44, false, '', '', '');
INSERT INTO pim_individual_doc (indiv_id, series, "number", type_id, is_active, name, surname, patr_name) VALUES (28, '', '784517748784', 13, false, '', '', '');
INSERT INTO pim_individual_doc (indiv_id, series, "number", type_id, is_active, name, surname, patr_name) VALUES (121, '1233', '2222222', 32, false, 'null', 'null', 'null');
INSERT INTO pim_individual_doc (indiv_id, series, "number", type_id, is_active, name, surname, patr_name) VALUES (154, 'null', '4545544545', 43, false, 'null', 'null', 'null');
INSERT INTO pim_individual_doc (indiv_id, series, "number", type_id, is_active, name, surname, patr_name) VALUES (110, 'null', '43545667567', 43, false, 'null', 'null', 'null');
INSERT INTO pim_individual_doc (indiv_id, series, "number", type_id, is_active, name, surname, patr_name) VALUES (135, '4362', '7862681', 32, false, '', '', '');
INSERT INTO pim_indiv_doc_detail (doc_id) VALUES (18);
INSERT INTO pim_indiv_doc_detail (doc_id) VALUES (16);
INSERT INTO pim_indiv_doc_detail (doc_id) VALUES (7);
INSERT INTO pim_indiv_doc_detail (doc_id) VALUES (6);
INSERT INTO pim_indiv_doc_detail (doc_id) VALUES (23);
INSERT INTO pim_indiv_doc_detail (doc_id) VALUES (21);
INSERT INTO pim_indiv_doc_detail (doc_id) VALUES (6);
INSERT INTO pim_indiv_doc_detail (doc_id) VALUES (31);
INSERT INTO pim_indiv_doc_detail (doc_id) VALUES (15);
INSERT INTO pim_indiv_doc_detail (doc_id) VALUES (18);
INSERT INTO pim_indiv_doc_detail (doc_id) VALUES (13);
INSERT INTO pim_indiv_doc_detail (doc_id) VALUES (5);
INSERT INTO pim_indiv_doc_detail (doc_id) VALUES (10);
INSERT INTO pim_indiv_doc_detail (doc_id) VALUES (16);
INSERT INTO pim_indiv_doc_detail (doc_id) VALUES (8);
INSERT INTO pim_indiv_doc_detail (doc_id) VALUES (8);
INSERT INTO pim_indiv_doc_detail (doc_id) VALUES (22);
INSERT INTO pim_indiv_doc_detail (doc_id) VALUES (17);
INSERT INTO pim_indiv_doc_detail (doc_id) VALUES (21);
INSERT INTO pim_indiv_doc_detail (doc_id) VALUES (6);
INSERT INTO pim_indiv_doc_detail (doc_id) VALUES (14);
INSERT INTO pim_indiv_doc_detail (doc_id) VALUES (23);
INSERT INTO pim_indiv_doc_detail (doc_id) VALUES (2);
INSERT INTO pim_indiv_doc_detail (doc_id) VALUES (31);
INSERT INTO pim_indiv_doc_detail (doc_id) VALUES (16);
INSERT INTO pim_indiv_doc_detail (doc_id) VALUES (20);
INSERT INTO pim_indiv_doc_detail (doc_id) VALUES (5);
INSERT INTO pim_indiv_doc_detail (doc_id) VALUES (31);
INSERT INTO pim_indiv_doc_detail (doc_id) VALUES (20);
INSERT INTO pim_indiv_doc_detail (doc_id) VALUES (17);
INSERT INTO pim_party_contact_type (name) VALUES ('Телефон');
INSERT INTO pim_party_contact_type (name) VALUES ('Мобильный телефон');
INSERT INTO pim_party_contact_type (name) VALUES ('Телефон руководителя');
INSERT INTO pim_party_contact_type (name) VALUES ('Электронная почта');
INSERT INTO pim_party_contact_type (name) VALUES ('Факс');
INSERT INTO pim_party_contact_type (name) VALUES ('ICQ');
INSERT INTO pim_party_contact_type (name) VALUES ('Skype');
INSERT INTO pim_party_contact_type (name) VALUES ('Телефон регистратуры');
INSERT INTO pim_party_contact_type (name) VALUES ('Факс');
INSERT INTO pim_party_contact_type (name) VALUES ('Телефон организации');
INSERT INTO pim_party_contact_type (name) VALUES ('Телефон справочной');
INSERT INTO pim_party_contact_type (name) VALUES ('Web-сайт');
INSERT INTO pim_party_contact_type (name) VALUES ('Электронная почта');
INSERT INTO pim_indiv_contact (indiv_id, type_id, "value") VALUES (156, 2, '+79655000000');
INSERT INTO pim_indiv_contact (indiv_id, type_id, "value") VALUES (155, 2, '+79655000022');
INSERT INTO pim_indiv_contact (indiv_id, type_id, "value") VALUES (156, 4, 'aa@example.com');
INSERT INTO pim_indiv_contact (indiv_id, type_id, "value") VALUES (149, 2, '+795001678467');
INSERT INTO pim_indiv_contact (indiv_id, type_id, "value") VALUES (27, 2, '890502548787');
INSERT INTO pim_indiv_contact (indiv_id, type_id, "value") VALUES (119, 2, '+79556736730');
INSERT INTO pim_indiv_contact (indiv_id, type_id, "value") VALUES (155, 4, 'master@example.com');
INSERT INTO pim_indiv_contact (indiv_id, type_id, "value") VALUES (152, 4, 'aldo@example.com');
INSERT INTO pim_indiv_contact (indiv_id, type_id, "value") VALUES (140, 4, 'qqq@mail.ru');
INSERT INTO pim_indiv_contact (indiv_id, type_id, "value") VALUES (4, 2, '792703567375');
INSERT INTO pim_indiv_contact (indiv_id, type_id, "value") VALUES (42, 4, 'lave@example.com');
INSERT INTO pim_indiv_contact (indiv_id, type_id, "value") VALUES (104, 2, '+79503257367');
INSERT INTO pim_indiv_contact (indiv_id, type_id, "value") VALUES (45, 3, '16546461354856');
INSERT INTO pim_indiv_contact (indiv_id, type_id, "value") VALUES (126, 2, '+79172457365');
INSERT INTO pim_indiv_contact (indiv_id, type_id, "value") VALUES (57, 2, '89655826565');
INSERT INTO pim_indiv_contact (indiv_id, type_id, "value") VALUES (22, 4, 'omans@example.com');
INSERT INTO pim_indiv_contact (indiv_id, type_id, "value") VALUES (107, 4, 'ramov@example.com');
INSERT INTO pim_indiv_contact (indiv_id, type_id, "value") VALUES (121, 2, '78462');
INSERT INTO pim_indiv_contact (indiv_id, type_id, "value") VALUES (60, 2, '+79191198891');
INSERT INTO pim_indiv_contact (indiv_id, type_id, "value") VALUES (129, 2, '+790476139045');
INSERT INTO pim_indiv_contact (indiv_id, type_id, "value") VALUES (63, 2, '79876377410');
INSERT INTO pim_indiv_contact (indiv_id, type_id, "value") VALUES (144, 2, '79376167886');
INSERT INTO pim_indiv_contact (indiv_id, type_id, "value") VALUES (99, 2, '+79503764854');
INSERT INTO pim_indiv_contact (indiv_id, type_id, "value") VALUES (108, 2, '+79047364878');
INSERT INTO pim_indiv_contact (indiv_id, type_id, "value") VALUES (118, 2, '99999999999');
INSERT INTO pim_indiv_contact (indiv_id, type_id, "value") VALUES (41, 4, '444@mail.ru');
INSERT INTO pim_indiv_contact (indiv_id, type_id, "value") VALUES (73, 3, '3333333');
INSERT INTO pim_indiv_contact (indiv_id, type_id, "value") VALUES (22, 2, '89047633088');
INSERT INTO pim_indiv_contact (indiv_id, type_id, "value") VALUES (14, 2, '4444');
INSERT INTO pim_indiv_contact (indiv_id, type_id, "value") VALUES (94, 2, '145234523452345');
INSERT INTO pim_indiv_contact (indiv_id, type_id, "value") VALUES (101, 2, '+7950267859');
INSERT INTO pim_indiv_contact (indiv_id, type_id, "value") VALUES (39, 2, '79872852789');
INSERT INTO pim_indiv_contact (indiv_id, type_id, "value") VALUES (13, 2, '343423423');
INSERT INTO pim_indiv_contact (indiv_id, type_id, "value") VALUES (109, 2, '+79503568765');
INSERT INTO pim_indiv_contact (indiv_id, type_id, "value") VALUES (100, 2, '+79508756985');
INSERT INTO pim_indiv_contact (indiv_id, type_id, "value") VALUES (36, 2, '+79501468390');
INSERT INTO pim_indiv_contact (indiv_id, type_id, "value") VALUES (131, 3, '3242334');
INSERT INTO pim_indiv_contact (indiv_id, type_id, "value") VALUES (27, 2, '+79509404873');
INSERT INTO pim_indiv_contact (indiv_id, type_id, "value") VALUES (58, 4, 'ramov@example.com');
INSERT INTO pim_indiv_contact (indiv_id, type_id, "value") VALUES (1, 2, '+79047610032');
INSERT INTO pim_indiv_contact (indiv_id, type_id, "value") VALUES (130, 4, 'dina@example.com');
INSERT INTO pim_indiv_contact (indiv_id, type_id, "value") VALUES (131, 2, '79872846410');
INSERT INTO pim_indiv_contact (indiv_id, type_id, "value") VALUES (100, 2, '+79502312844');
INSERT INTO pim_indiv_contact (indiv_id, type_id, "value") VALUES (88, 2, '+78787451278');
INSERT INTO pim_indiv_contact (indiv_id, type_id, "value") VALUES (155, 3, '8974565');
INSERT INTO pim_indiv_contact (indiv_id, type_id, "value") VALUES (133, 4, 'tak@tak.tak');
INSERT INTO pim_indiv_contact (indiv_id, type_id, "value") VALUES (98, 2, '79270350248');
INSERT INTO pim_indiv_contact (indiv_id, type_id, "value") VALUES (141, 2, '79270350248');
INSERT INTO pim_indiv_contact (indiv_id, type_id, "value") VALUES (125, 2, '79272404595');
INSERT INTO pim_indiv_contact (indiv_id, type_id, "value") VALUES (1, 3, '1231233');
INSERT INTO check_paging (VAL) VALUES ('a');
INSERT INTO check_paging (VAL) VALUES ('b');
INSERT INTO check_paging (VAL) VALUES ('c');
INSERT INTO check_paging (VAL) VALUES ('d');
INSERT INTO check_paging (VAL) VALUES ('e');
INSERT INTO refbooks (id, name, table_name, create_dt) VALUES ('genders', 'Пол', 'pim_gender', '1970-01-01');
INSERT INTO refbooks (id, name, table_name, create_dt) VALUES ('contactTypes', 'Типы контактов', 'pim_party_contact_type', '1970-01-01');